ds;y
2022-7-1 0:0:0;3
2022-7-1 0:30:0;1
2022-7-1 0:50:0;6
2022-7-1 1:0:0;1
2022-7-1 1:30:0;1
2022-7-1 10:0:0;6
2022-7-1 10:10:0;2
2022-7-1 10:20:0;4
2022-7-1 10:23:0;1
2022-7-1 10:30:0;1
2022-7-1 10:33:0;1
2022-7-1 10:40:0;2
2022-7-1 10:50:0;1
2022-7-1 10:53:0;1
2022-7-1 10:56:0;1
2022-7-1 11:0:0;6
2022-7-1 11:10:0;3
2022-7-1 11:20:0;1
2022-7-1 11:30:0;2
2022-7-1 11:40:0;1
2022-7-1 11:50:0;3
2022-7-1 12:0:0;4
2022-7-1 12:10:0;2
2022-7-1 12:20:0;1
2022-7-1 12:30:0;3
2022-7-1 12:40:0;3
2022-7-1 12:50:0;2
2022-7-1 13:0:0;7
2022-7-1 13:10:0;1
2022-7-1 13:30:0;4
2022-7-1 13:40:0;3
2022-7-1 13:50:0;2
2022-7-1 13:7:0;1
2022-7-1 14:0:0;10
2022-7-1 14:10:0;2
2022-7-1 14:20:0;2
2022-7-1 14:30:0;4
2022-7-1 14:40:0;1
2022-7-1 14:52:0;1
2022-7-1 15:0:0;3
2022-7-1 15:10:0;3
2022-7-1 15:30:0;1
2022-7-1 15:40:0;1
2022-7-1 15:50:0;3
2022-7-1 16:0:0;9
2022-7-1 16:10:0;2
2022-7-1 16:20:0;4
2022-7-1 16:30:0;5
2022-7-1 16:40:0;3
2022-7-1 16:50:0;3
2022-7-1 17:0:0;5
2022-7-1 17:10:0;4
2022-7-1 17:20:0;1
2022-7-1 17:30:0;3
2022-7-1 18:0:0;6
2022-7-1 18:10:0;1
2022-7-1 18:30:0;4
2022-7-1 18:40:0;2
2022-7-1 18:50:0;1
2022-7-1 19:0:0;1
2022-7-1 19:10:0;2
2022-7-1 19:20:0;4
2022-7-1 19:30:0;3
2022-7-1 19:40:0;2
2022-7-1 19:50:0;1
2022-7-1 2:0:0;9
2022-7-1 2:50:0;2
2022-7-1 20:0:0;1
2022-7-1 20:10:0;1
2022-7-1 21:10:0;1
2022-7-1 21:20:0;1
2022-7-1 21:30:0;1
2022-7-1 21:32:0;1
2022-7-1 22:0:0;2
2022-7-1 22:10:0;1
2022-7-1 22:30:0;1
2022-7-1 23:0:0;1
2022-7-1 23:10:0;1
2022-7-1 4:30:0;1
2022-7-1 4:40:0;2
2022-7-1 5:0:0;1
2022-7-1 5:10:0;1
2022-7-1 5:20:0;1
2022-7-1 5:30:0;1
2022-7-1 6:0:0;3
2022-7-1 6:10:0;1
2022-7-1 6:20:0;2
2022-7-1 6:30:0;1
2022-7-1 6:40:0;2
2022-7-1 6:50:0;3
2022-7-1 7:0:0;2
2022-7-1 7:10:0;1
2022-7-1 7:20:0;1
2022-7-1 7:30:0;4
2022-7-1 7:40:0;5
2022-7-1 7:50:0;3
2022-7-1 8:0:0;4
2022-7-1 8:10:0;3
2022-7-1 8:19:0;1
2022-7-1 8:20:0;3
2022-7-1 8:30:0;5
2022-7-1 8:40:0;4
2022-7-1 8:50:0;3
2022-7-1 9:0:0;10
2022-7-1 9:10:0;1
2022-7-1 9:30:0;5
2022-7-1 9:50:0;2
2022-7-1 9:56:0;1
2022-7-1 9:7:0;1
2022-7-10 1:0:0;1
2022-7-10 1:20:0;1
2022-7-10 10:0:0;1
2022-7-10 10:30:0;1
2022-7-10 11:0:0;1
2022-7-10 12:20:0;1
2022-7-10 13:0:0;1
2022-7-10 13:20:0;2
2022-7-10 14:0:0;5
2022-7-10 14:20:0;1
2022-7-10 17:0:0;1
2022-7-10 17:10:0;1
2022-7-10 17:20:0;1
2022-7-10 18:0:0;1
2022-7-10 18:20:0;1
2022-7-10 18:30:0;1
2022-7-10 2:0:0;3
2022-7-10 20:50:0;1
2022-7-10 21:20:0;1
2022-7-10 22:10:0;1
2022-7-10 23:0:0;1
2022-7-10 5:0:0;2
2022-7-10 5:10:0;1
2022-7-10 5:20:0;1
2022-7-10 5:30:0;2
2022-7-10 6:0:0;4
2022-7-10 7:10:0;1
2022-7-10 8:50:0;1
2022-7-10 9:40:0;1
2022-7-11 10:0:0;2
2022-7-11 10:10:0;3
2022-7-11 10:20:0;1
2022-7-11 10:30:0;4
2022-7-11 10:40:0;2
2022-7-11 10:50:0;1
2022-7-11 11:0:0;1
2022-7-11 11:10:0;2
2022-7-11 11:15:0;1
2022-7-11 11:33:0;1
2022-7-11 11:37:0;1
2022-7-11 11:50:0;1
2022-7-11 12:0:0;4
2022-7-11 12:10:0;1
2022-7-11 12:20:0;3
2022-7-11 12:30:0;3
2022-7-11 12:40:0;1
2022-7-11 12:50:0;1
2022-7-11 13:0:0;6
2022-7-11 13:20:0;1
2022-7-11 13:30:0;2
2022-7-11 13:50:0;1
2022-7-11 14:0:0;8
2022-7-11 14:10:0;2
2022-7-11 14:30:0;3
2022-7-11 14:40:0;1
2022-7-11 15:0:0;3
2022-7-11 15:10:0;3
2022-7-11 15:20:0;2
2022-7-11 15:30:0;3
2022-7-11 15:40:0;2
2022-7-11 15:50:0;2
2022-7-11 16:0:0;4
2022-7-11 16:30:0;3
2022-7-11 16:40:0;1
2022-7-11 16:50:0;2
2022-7-11 17:0:0;8
2022-7-11 17:10:0;1
2022-7-11 17:30:0;8
2022-7-11 17:40:0;2
2022-7-11 17:50:0;2
2022-7-11 17:53:0;1
2022-7-11 18:0:0;8
2022-7-11 18:10:0;6
2022-7-11 18:20:0;1
2022-7-11 18:30:0;3
2022-7-11 18:40:0;1
2022-7-11 18:47:0;1
2022-7-11 18:50:0;3
2022-7-11 19:0:0;3
2022-7-11 19:10:0;1
2022-7-11 19:40:0;1
2022-7-11 20:0:0;1
2022-7-11 20:10:0;4
2022-7-11 20:20:0;1
2022-7-11 20:30:0;1
2022-7-11 20:40:0;2
2022-7-11 20:50:0;1
2022-7-11 21:10:0;2
2022-7-11 21:20:0;1
2022-7-11 21:40:0;1
2022-7-11 21:50:0;2
2022-7-11 22:0:0;2
2022-7-11 22:30:0;1
2022-7-11 22:40:0;2
2022-7-11 22:50:0;1
2022-7-11 23:0:0;1
2022-7-11 3:10:0;1
2022-7-11 3:20:0;2
2022-7-11 3:40:0;1
2022-7-11 4:30:0;2
2022-7-11 4:40:0;1
2022-7-11 4:50:0;1
2022-7-11 5:0:0;7
2022-7-11 5:10:0;3
2022-7-11 5:20:0;2
2022-7-11 5:30:0;2
2022-7-11 5:40:0;2
2022-7-11 5:50:0;1
2022-7-11 6:0:0;2
2022-7-11 6:10:0;1
2022-7-11 6:20:0;2
2022-7-11 6:30:0;6
2022-7-11 6:40:0;1
2022-7-11 6:50:0;1
2022-7-11 7:0:0;1
2022-7-11 7:10:0;2
2022-7-11 7:20:0;2
2022-7-11 7:30:0;2
2022-7-11 7:40:0;6
2022-7-11 7:50:0;2
2022-7-11 8:0:0;7
2022-7-11 8:10:0;2
2022-7-11 8:20:0;4
2022-7-11 8:30:0;2
2022-7-11 8:40:0;2
2022-7-11 8:50:0;2
2022-7-11 9:0:0;2
2022-7-11 9:10:0;1
2022-7-11 9:13:0;1
2022-7-11 9:20:0;2
2022-7-11 9:30:0;1
2022-7-11 9:40:0;2
2022-7-11 9:50:0;1
2022-7-12 0:10:0;1
2022-7-12 0:20:0;1
2022-7-12 0:50:0;7
2022-7-12 1:0:0;1
2022-7-12 1:30:0;1
2022-7-12 10:0:0;8
2022-7-12 10:10:0;2
2022-7-12 10:20:0;2
2022-7-12 10:30:0;1
2022-7-12 10:40:0;2
2022-7-12 11:0:0;1
2022-7-12 11:10:0;1
2022-7-12 11:20:0;1
2022-7-12 11:30:0;2
2022-7-12 11:50:0;2
2022-7-12 12:0:0;2
2022-7-12 12:10:0;1
2022-7-12 12:20:0;2
2022-7-12 12:30:0;4
2022-7-12 12:40:0;1
2022-7-12 12:50:0;2
2022-7-12 13:0:0;5
2022-7-12 13:20:0;1
2022-7-12 13:30:0;1
2022-7-12 14:0:0;12
2022-7-12 14:10:0;1
2022-7-12 14:20:0;1
2022-7-12 14:30:0;3
2022-7-12 14:40:0;1
2022-7-12 15:0:0;2
2022-7-12 15:10:0;3
2022-7-12 15:30:0;3
2022-7-12 15:40:0;1
2022-7-12 15:50:0;1
2022-7-12 16:0:0;3
2022-7-12 16:10:0;1
2022-7-12 16:20:0;1
2022-7-12 16:30:0;3
2022-7-12 16:40:0;1
2022-7-12 16:50:0;2
2022-7-12 17:0:0;8
2022-7-12 17:10:0;2
2022-7-12 17:20:0;2
2022-7-12 17:3:0;1
2022-7-12 17:30:0;5
2022-7-12 17:40:0;3
2022-7-12 17:53:0;1
2022-7-12 18:0:0;17
2022-7-12 18:10:0;3
2022-7-12 18:20:0;2
2022-7-12 18:30:0;2
2022-7-12 18:40:0;1
2022-7-12 18:50:0;1
2022-7-12 19:0:0;5
2022-7-12 19:20:0;2
2022-7-12 19:30:0;3
2022-7-12 19:40:0;1
2022-7-12 19:44:0;1
2022-7-12 19:50:0;1
2022-7-12 2:0:0;6
2022-7-12 20:0:0;5
2022-7-12 20:10:0;1
2022-7-12 20:40:0;3
2022-7-12 20:50:0;3
2022-7-12 21:10:0;4
2022-7-12 21:50:0;1
2022-7-12 22:0:0;2
2022-7-12 22:10:0;1
2022-7-12 22:30:0;1
2022-7-12 22:50:0;1
2022-7-12 22:7:0;1
2022-7-12 23:30:0;2
2022-7-12 4:20:0;1
2022-7-12 4:30:0;1
2022-7-12 4:50:0;1
2022-7-12 5:0:0;3
2022-7-12 6:0:0;2
2022-7-12 6:10:0;1
2022-7-12 6:20:0;1
2022-7-12 6:30:0;1
2022-7-12 6:40:0;1
2022-7-12 7:0:0;2
2022-7-12 7:10:0;3
2022-7-12 7:30:0;5
2022-7-12 7:40:0;2
2022-7-12 7:50:0;1
2022-7-12 8:0:0;6
2022-7-12 8:20:0;3
2022-7-12 8:30:0;6
2022-7-12 8:40:0;1
2022-7-12 8:50:0;2
2022-7-12 9:0:0;4
2022-7-12 9:10:0;1
2022-7-12 9:20:0;2
2022-7-12 9:30:0;4
2022-7-12 9:40:0;1
2022-7-12 9:50:0;3
2022-7-13 0:10:0;1
2022-7-13 0:40:0;1
2022-7-13 0:50:0;7
2022-7-13 1:0:0;1
2022-7-13 1:10:0;1
2022-7-13 1:30:0;1
2022-7-13 10:0:0;5
2022-7-13 10:20:0;2
2022-7-13 10:30:0;1
2022-7-13 11:0:0;3
2022-7-13 11:10:0;3
2022-7-13 11:30:0;5
2022-7-13 11:50:0;1
2022-7-13 12:0:0;1
2022-7-13 12:10:0;2
2022-7-13 12:30:0;5
2022-7-13 12:50:0;2
2022-7-13 13:0:0;2
2022-7-13 13:10:0;2
2022-7-13 13:20:0;2
2022-7-13 13:30:0;1
2022-7-13 13:50:0;1
2022-7-13 14:0:0;8
2022-7-13 14:10:0;2
2022-7-13 14:20:0;2
2022-7-13 14:30:0;6
2022-7-13 14:40:0;1
2022-7-13 15:0:0;4
2022-7-13 15:10:0;2
2022-7-13 15:20:0;1
2022-7-13 15:30:0;2
2022-7-13 15:50:0;3
2022-7-13 16:0:0;2
2022-7-13 16:10:0;1
2022-7-13 16:20:0;2
2022-7-13 16:30:0;2
2022-7-13 16:40:0;3
2022-7-13 16:50:0;2
2022-7-13 17:0:0;9
2022-7-13 17:10:0;4
2022-7-13 17:20:0;4
2022-7-13 17:30:0;9
2022-7-13 18:0:0;14
2022-7-13 18:10:0;2
2022-7-13 18:20:0;1
2022-7-13 18:30:0;1
2022-7-13 19:0:0;1
2022-7-13 19:10:0;1
2022-7-13 19:20:0;2
2022-7-13 19:30:0;3
2022-7-13 19:40:0;2
2022-7-13 19:43:0;1
2022-7-13 2:0:0;6
2022-7-13 20:10:0;2
2022-7-13 20:50:0;2
2022-7-13 21:0:0;4
2022-7-13 21:10:0;3
2022-7-13 21:20:0;1
2022-7-13 21:50:0;1
2022-7-13 22:0:0;1
2022-7-13 22:10:0;2
2022-7-13 22:50:0;1
2022-7-13 23:0:0;1
2022-7-13 3:20:0;1
2022-7-13 4:20:0;1
2022-7-13 4:30:0;2
2022-7-13 4:40:0;1
2022-7-13 4:50:0;1
2022-7-13 5:0:0;3
2022-7-13 5:10:0;2
2022-7-13 5:50:0;1
2022-7-13 6:0:0;4
2022-7-13 6:10:0;2
2022-7-13 6:20:0;1
2022-7-13 6:30:0;3
2022-7-13 6:40:0;3
2022-7-13 7:0:0;4
2022-7-13 7:10:0;2
2022-7-13 7:20:0;1
2022-7-13 7:30:0;1
2022-7-13 7:40:0;2
2022-7-13 7:50:0;4
2022-7-13 8:0:0;6
2022-7-13 8:10:0;1
2022-7-13 8:20:0;1
2022-7-13 8:30:0;2
2022-7-13 8:40:0;2
2022-7-13 9:10:0;1
2022-7-13 9:20:0;2
2022-7-13 9:30:0;4
2022-7-13 9:40:0;2
2022-7-13 9:50:0;2
2022-7-14 0:0:0;1
2022-7-14 0:10:0;1
2022-7-14 0:50:0;7
2022-7-14 1:0:0;1
2022-7-14 1:30:0;1
2022-7-14 10:0:0;4
2022-7-14 10:10:0;1
2022-7-14 10:20:0;2
2022-7-14 10:30:0;2
2022-7-14 10:40:0;4
2022-7-14 10:50:0;1
2022-7-14 11:0:0;3
2022-7-14 11:20:0;2
2022-7-14 11:30:0;2
2022-7-14 11:40:0;2
2022-7-14 11:50:0;3
2022-7-14 12:0:0;2
2022-7-14 12:20:0;1
2022-7-14 12:30:0;3
2022-7-14 12:40:0;1
2022-7-14 13:0:0;4
2022-7-14 13:10:0;2
2022-7-14 13:20:0;3
2022-7-14 13:30:0;2
2022-7-14 13:40:0;1
2022-7-14 13:50:0;2
2022-7-14 14:0:0;9
2022-7-14 14:10:0;2
2022-7-14 14:30:0;4
2022-7-14 14:40:0;1
2022-7-14 15:0:0;4
2022-7-14 15:10:0;4
2022-7-14 15:30:0;2
2022-7-14 15:50:0;1
2022-7-14 16:0:0;6
2022-7-14 16:20:0;2
2022-7-14 16:30:0;1
2022-7-14 16:40:0;2
2022-7-14 16:50:0;1
2022-7-14 17:0:0;8
2022-7-14 17:10:0;8
2022-7-14 17:20:0;3
2022-7-14 17:29:0;1
2022-7-14 17:30:0;11
2022-7-14 17:40:0;2
2022-7-14 17:50:0;2
2022-7-14 18:0:0;17
2022-7-14 18:10:0;2
2022-7-14 18:30:0;4
2022-7-14 18:40:0;2
2022-7-14 18:50:0;1
2022-7-14 19:0:0;2
2022-7-14 19:20:0;3
2022-7-14 19:30:0;3
2022-7-14 19:50:0;2
2022-7-14 2:0:0;4
2022-7-14 2:30:0;1
2022-7-14 20:0:0;4
2022-7-14 20:10:0;1
2022-7-14 20:30:0;1
2022-7-14 20:50:0;2
2022-7-14 21:0:0;1
2022-7-14 21:10:0;3
2022-7-14 21:50:0;1
2022-7-14 22:0:0;1
2022-7-14 22:10:0;3
2022-7-14 22:50:0;1
2022-7-14 23:0:0;1
2022-7-14 23:50:0;2
2022-7-14 4:20:0;1
2022-7-14 4:30:0;2
2022-7-14 4:50:0;1
2022-7-14 5:20:0;1
2022-7-14 5:40:0;1
2022-7-14 6:0:0;5
2022-7-14 6:10:0;1
2022-7-14 6:20:0;2
2022-7-14 6:30:0;1
2022-7-14 6:40:0;2
2022-7-14 7:0:0;5
2022-7-14 7:10:0;3
2022-7-14 7:20:0;2
2022-7-14 7:30:0;3
2022-7-14 7:40:0;3
2022-7-14 7:50:0;3
2022-7-14 8:0:0;10
2022-7-14 8:10:0;4
2022-7-14 8:20:0;2
2022-7-14 8:30:0;4
2022-7-14 8:40:0;2
2022-7-14 9:0:0;3
2022-7-14 9:10:0;2
2022-7-14 9:20:0;5
2022-7-14 9:30:0;3
2022-7-14 9:40:0;1
2022-7-14 9:50:0;2
2022-7-15 0:50:0;7
2022-7-15 1:0:0;1
2022-7-15 1:30:0;1
2022-7-15 10:0:0;5
2022-7-15 10:10:0;2
2022-7-15 10:20:0;2
2022-7-15 10:30:0;3
2022-7-15 10:40:0;2
2022-7-15 10:50:0;2
2022-7-15 11:0:0;2
2022-7-15 11:10:0;3
2022-7-15 11:20:0;3
2022-7-15 11:30:0;3
2022-7-15 11:50:0;3
2022-7-15 12:0:0;1
2022-7-15 12:20:0;1
2022-7-15 12:30:0;4
2022-7-15 12:47:0;1
2022-7-15 12:50:0;1
2022-7-15 13:0:0;3
2022-7-15 13:10:0;1
2022-7-15 13:20:0;1
2022-7-15 13:30:0;1
2022-7-15 13:50:0;1
2022-7-15 14:0:0;7
2022-7-15 14:10:0;2
2022-7-15 14:20:0;3
2022-7-15 14:30:0;3
2022-7-15 15:0:0;4
2022-7-15 15:10:0;5
2022-7-15 15:24:0;1
2022-7-15 15:30:0;3
2022-7-15 15:40:0;2
2022-7-15 15:43:0;1
2022-7-15 15:45:0;1
2022-7-15 15:50:0;2
2022-7-15 15:51:0;1
2022-7-15 16:0:0;4
2022-7-15 16:10:0;1
2022-7-15 16:28:0;1
2022-7-15 16:30:0;2
2022-7-15 16:40:0;3
2022-7-15 16:50:0;2
2022-7-15 17:0:0;5
2022-7-15 17:10:0;4
2022-7-15 17:20:0;3
2022-7-15 17:27:0;1
2022-7-15 17:30:0;4
2022-7-15 17:40:0;2
2022-7-15 18:0:0;10
2022-7-15 18:10:0;3
2022-7-15 18:20:0;1
2022-7-15 18:30:0;3
2022-7-15 18:50:0;1
2022-7-15 19:0:0;4
2022-7-15 19:10:0;1
2022-7-15 19:20:0;1
2022-7-15 19:30:0;4
2022-7-15 2:0:0;5
2022-7-15 2:20:0;1
2022-7-15 20:0:0;1
2022-7-15 20:10:0;1
2022-7-15 20:20:0;1
2022-7-15 20:30:0;2
2022-7-15 20:40:0;1
2022-7-15 20:50:0;2
2022-7-15 21:0:0;2
2022-7-15 21:10:0;5
2022-7-15 21:20:0;2
2022-7-15 21:30:0;2
2022-7-15 21:50:0;1
2022-7-15 22:0:0;1
2022-7-15 22:10:0;2
2022-7-15 22:20:0;1
2022-7-15 22:50:0;1
2022-7-15 23:10:0;1
2022-7-15 23:30:0;4
2022-7-15 23:50:0;1
2022-7-15 4:20:0;1
2022-7-15 4:30:0;2
2022-7-15 4:40:0;1
2022-7-15 4:50:0;1
2022-7-15 5:0:0;1
2022-7-15 6:0:0;4
2022-7-15 6:20:0;1
2022-7-15 6:30:0;1
2022-7-15 6:40:0;2
2022-7-15 6:50:0;1
2022-7-15 7:0:0;2
2022-7-15 7:10:0;2
2022-7-15 7:20:0;1
2022-7-15 7:30:0;2
2022-7-15 7:40:0;2
2022-7-15 7:50:0;3
2022-7-15 8:0:0;1
2022-7-15 8:20:0;4
2022-7-15 8:30:0;8
2022-7-15 8:40:0;3
2022-7-15 9:0:0;5
2022-7-15 9:10:0;1
2022-7-15 9:20:0;4
2022-7-15 9:30:0;2
2022-7-15 9:40:0;1
2022-7-15 9:50:0;2
2022-7-16 0:10:0;1
2022-7-16 0:20:0;1
2022-7-16 0:50:0;7
2022-7-16 10:0:0;3
2022-7-16 11:0:0;3
2022-7-16 11:10:0;1
2022-7-16 11:20:0;1
2022-7-16 12:0:0;3
2022-7-16 12:25:0;1
2022-7-16 12:30:0;1
2022-7-16 12:40:0;1
2022-7-16 13:0:0;4
2022-7-16 13:10:0;3
2022-7-16 13:20:0;3
2022-7-16 13:30:0;3
2022-7-16 14:0:0;3
2022-7-16 14:30:0;4
2022-7-16 14:50:0;1
2022-7-16 15:10:0;4
2022-7-16 15:40:0;1
2022-7-16 15:46:0;1
2022-7-16 15:50:0;1
2022-7-16 16:0:0;3
2022-7-16 16:10:0;1
2022-7-16 16:17:0;1
2022-7-16 16:20:0;4
2022-7-16 16:40:0;1
2022-7-16 16:50:0;1
2022-7-16 17:0:0;5
2022-7-16 17:10:0;2
2022-7-16 17:20:0;2
2022-7-16 17:30:0;2
2022-7-16 17:50:0;3
2022-7-16 18:0:0;7
2022-7-16 18:10:0;2
2022-7-16 19:0:0;1
2022-7-16 19:30:0;3
2022-7-16 2:0:0;5
2022-7-16 2:20:0;4
2022-7-16 2:30:0;2
2022-7-16 20:0:0;2
2022-7-16 20:30:0;2
2022-7-16 21:0:0;2
2022-7-16 21:10:0;2
2022-7-16 21:20:0;1
2022-7-16 21:30:0;1
2022-7-16 22:0:0;5
2022-7-16 22:10:0;2
2022-7-16 4:30:0;3
2022-7-16 4:40:0;2
2022-7-16 4:50:0;2
2022-7-16 5:20:0;1
2022-7-16 6:0:0;5
2022-7-16 6:30:0;1
2022-7-16 6:40:0;3
2022-7-16 7:0:0;2
2022-7-16 7:10:0;2
2022-7-16 7:30:0;1
2022-7-16 7:50:0;2
2022-7-16 8:0:0;1
2022-7-16 8:20:0;1
2022-7-16 8:30:0;1
2022-7-16 8:50:0;1
2022-7-16 9:0:0;2
2022-7-16 9:30:0;1
2022-7-16 9:40:0;1
2022-7-17 0:0:0;2
2022-7-17 0:10:0;1
2022-7-17 10:0:0;2
2022-7-17 10:30:0;1
2022-7-17 11:0:0;1
2022-7-17 12:0:0;1
2022-7-17 12:50:0;1
2022-7-17 13:0:0;3
2022-7-17 13:10:0;1
2022-7-17 13:20:0;2
2022-7-17 13:30:0;2
2022-7-17 14:0:0;2
2022-7-17 14:10:0;1
2022-7-17 16:0:0;3
2022-7-17 16:30:0;1
2022-7-17 16:50:0;1
2022-7-17 17:0:0;3
2022-7-17 17:10:0;1
2022-7-17 17:20:0;1
2022-7-17 18:0:0;3
2022-7-17 18:10:0;1
2022-7-17 18:20:0;1
2022-7-17 19:30:0;1
2022-7-17 21:0:0;1
2022-7-17 21:10:0;1
2022-7-17 21:20:0;1
2022-7-17 21:30:0;2
2022-7-17 22:0:0;3
2022-7-17 22:10:0;2
2022-7-17 22:20:0;1
2022-7-17 23:0:0;1
2022-7-17 4:0:0;1
2022-7-17 4:20:0;1
2022-7-17 4:30:0;1
2022-7-17 5:10:0;1
2022-7-17 5:20:0;3
2022-7-17 5:30:0;1
2022-7-17 6:0:0;3
2022-7-17 6:10:0;1
2022-7-17 6:20:0;1
2022-7-17 7:0:0;1
2022-7-17 7:10:0;2
2022-7-17 7:30:0;1
2022-7-17 8:30:0;2
2022-7-18 0:10:0;1
2022-7-18 0:40:0;1
2022-7-18 1:0:0;1
2022-7-18 10:0:0;6
2022-7-18 10:10:0;3
2022-7-18 10:20:0;3
2022-7-18 10:30:0;4
2022-7-18 10:50:0;2
2022-7-18 11:0:0;2
2022-7-18 11:10:0;1
2022-7-18 11:20:0;2
2022-7-18 11:30:0;1
2022-7-18 11:40:0;3
2022-7-18 11:50:0;4
2022-7-18 12:0:0;5
2022-7-18 12:10:0;6
2022-7-18 12:20:0;2
2022-7-18 12:29:0;1
2022-7-18 12:30:0;6
2022-7-18 12:40:0;1
2022-7-18 12:50:0;1
2022-7-18 13:0:0;2
2022-7-18 13:10:0;1
2022-7-18 13:20:0;1
2022-7-18 13:30:0;1
2022-7-18 13:40:0;1
2022-7-18 13:50:0;1
2022-7-18 14:0:0;5
2022-7-18 14:10:0;1
2022-7-18 14:20:0;1
2022-7-18 14:30:0;2
2022-7-18 14:40:0;2
2022-7-18 15:0:0;5
2022-7-18 15:20:0;1
2022-7-18 15:30:0;2
2022-7-18 15:40:0;1
2022-7-18 15:45:0;1
2022-7-18 15:50:0;1
2022-7-18 16:0:0;4
2022-7-18 16:10:0;2
2022-7-18 16:30:0;2
2022-7-18 16:40:0;1
2022-7-18 16:50:0;1
2022-7-18 17:0:0;12
2022-7-18 17:10:0;3
2022-7-18 17:15:0;1
2022-7-18 17:20:0;4
2022-7-18 17:30:0;7
2022-7-18 17:50:0;3
2022-7-18 17:56:0;1
2022-7-18 18:0:0;18
2022-7-18 18:10:0;4
2022-7-18 18:11:0;1
2022-7-18 18:20:0;2
2022-7-18 18:30:0;2
2022-7-18 18:40:0;1
2022-7-18 18:50:0;2
2022-7-18 19:0:0;2
2022-7-18 19:10:0;1
2022-7-18 19:20:0;2
2022-7-18 19:30:0;3
2022-7-18 19:50:0;2
2022-7-18 2:0:0;1
2022-7-18 2:10:0;1
2022-7-18 20:0:0;2
2022-7-18 20:10:0;3
2022-7-18 20:30:0;3
2022-7-18 20:40:0;2
2022-7-18 20:50:0;1
2022-7-18 21:0:0;4
2022-7-18 21:10:0;1
2022-7-18 21:20:0;1
2022-7-18 21:30:0;1
2022-7-18 21:50:0;1
2022-7-18 22:0:0;1
2022-7-18 22:10:0;1
2022-7-18 22:30:0;1
2022-7-18 23:50:0;1
2022-7-18 3:20:0;2
2022-7-18 3:40:0;1
2022-7-18 4:20:0;1
2022-7-18 4:50:0;1
2022-7-18 5:0:0;1
2022-7-18 5:20:0;2
2022-7-18 6:0:0;8
2022-7-18 6:10:0;2
2022-7-18 6:20:0;4
2022-7-18 6:30:0;10
2022-7-18 6:40:0;3
2022-7-18 6:50:0;3
2022-7-18 7:0:0;6
2022-7-18 7:10:0;1
2022-7-18 7:20:0;2
2022-7-18 7:30:0;3
2022-7-18 7:40:0;3
2022-7-18 7:50:0;3
2022-7-18 8:0:0;9
2022-7-18 8:20:0;1
2022-7-18 8:30:0;2
2022-7-18 8:40:0;2
2022-7-18 8:50:0;6
2022-7-18 9:0:0;2
2022-7-18 9:10:0;2
2022-7-18 9:20:0;5
2022-7-18 9:30:0;1
2022-7-18 9:40:0;3
2022-7-18 9:50:0;1
2022-7-19 0:10:0;1
2022-7-19 0:30:0;2
2022-7-19 0:50:0;1
2022-7-19 1:50:0;1
2022-7-19 10:0:0;6
2022-7-19 10:12:0;1
2022-7-19 10:15:0;1
2022-7-19 10:20:0;1
2022-7-19 10:30:0;1
2022-7-19 10:40:0;1
2022-7-19 11:0:0;6
2022-7-19 11:20:0;1
2022-7-19 11:30:0;4
2022-7-19 11:40:0;3
2022-7-19 11:50:0;4
2022-7-19 12:0:0;5
2022-7-19 12:10:0;1
2022-7-19 12:20:0;2
2022-7-19 12:30:0;6
2022-7-19 12:50:0;2
2022-7-19 13:0:0;3
2022-7-19 13:10:0;1
2022-7-19 13:20:0;1
2022-7-19 13:30:0;2
2022-7-19 13:50:0;1
2022-7-19 14:0:0;4
2022-7-19 14:10:0;1
2022-7-19 14:30:0;5
2022-7-19 14:50:0;2
2022-7-19 15:0:0;3
2022-7-19 15:10:0;3
2022-7-19 15:20:0;4
2022-7-19 15:30:0;2
2022-7-19 15:50:0;3
2022-7-19 16:0:0;5
2022-7-19 16:10:0;1
2022-7-19 16:20:0;3
2022-7-19 16:30:0;6
2022-7-19 16:40:0;1
2022-7-19 16:50:0;3
2022-7-19 17:0:0;13
2022-7-19 17:10:0;4
2022-7-19 17:20:0;6
2022-7-19 17:30:0;12
2022-7-19 17:40:0;2
2022-7-19 18:0:0;21
2022-7-19 18:10:0;4
2022-7-19 18:15:0;1
2022-7-19 18:20:0;1
2022-7-19 18:30:0;5
2022-7-19 18:40:0;1
2022-7-19 19:0:0;7
2022-7-19 19:10:0;3
2022-7-19 19:20:0;1
2022-7-19 19:30:0;5
2022-7-19 19:40:0;1
2022-7-19 19:50:0;1
2022-7-19 2:0:0;5
2022-7-19 20:0:0;2
2022-7-19 20:10:0;2
2022-7-19 20:30:0;5
2022-7-19 20:40:0;1
2022-7-19 20:50:0;1
2022-7-19 21:0:0;4
2022-7-19 21:10:0;1
2022-7-19 21:20:0;1
2022-7-19 21:30:0;4
2022-7-19 21:40:0;1
2022-7-19 22:0:0;2
2022-7-19 22:10:0;1
2022-7-19 23:0:0;1
2022-7-19 3:30:0;1
2022-7-19 4:30:0;1
2022-7-19 4:40:0;1
2022-7-19 5:0:0;1
2022-7-19 5:10:0;1
2022-7-19 5:20:0;2
2022-7-19 5:30:0;1
2022-7-19 5:40:0;1
2022-7-19 6:0:0;7
2022-7-19 6:10:0;2
2022-7-19 6:20:0;4
2022-7-19 6:30:0;3
2022-7-19 6:40:0;2
2022-7-19 6:50:0;1
2022-7-19 7:0:0;10
2022-7-19 7:10:0;2
2022-7-19 7:20:0;3
2022-7-19 7:30:0;4
2022-7-19 7:40:0;4
2022-7-19 7:50:0;3
2022-7-19 8:0:0;11
2022-7-19 8:10:0;1
2022-7-19 8:20:0;4
2022-7-19 8:30:0;5
2022-7-19 8:40:0;1
2022-7-19 8:50:0;3
2022-7-19 9:0:0;5
2022-7-19 9:10:0;4
2022-7-19 9:20:0;3
2022-7-19 9:40:0;1
2022-7-19 9:50:0;2
2022-7-19 9:7:0;1
2022-7-2 0:0:0;1
2022-7-2 0:10:0;3
2022-7-2 0:20:0;3
2022-7-2 0:50:0;6
2022-7-2 1:0:0;1
2022-7-2 1:20:0;1
2022-7-2 1:50:0;1
2022-7-2 10:0:0;1
2022-7-2 10:10:0;1
2022-7-2 10:30:0;1
2022-7-2 11:0:0;3
2022-7-2 11:30:0;1
2022-7-2 11:50:0;1
2022-7-2 12:0:0;4
2022-7-2 12:20:0;1
2022-7-2 13:0:0;4
2022-7-2 13:20:0;1
2022-7-2 13:30:0;1
2022-7-2 14:0:0;4
2022-7-2 14:10:0;5
2022-7-2 14:20:0;2
2022-7-2 14:40:0;1
2022-7-2 14:50:0;3
2022-7-2 15:0:0;1
2022-7-2 15:10:0;3
2022-7-2 15:40:0;2
2022-7-2 15:50:0;2
2022-7-2 16:0:0;3
2022-7-2 16:10:0;2
2022-7-2 16:20:0;1
2022-7-2 16:30:0;2
2022-7-2 16:40:0;1
2022-7-2 16:50:0;3
2022-7-2 17:10:0;1
2022-7-2 17:30:0;3
2022-7-2 17:40:0;1
2022-7-2 17:50:0;1
2022-7-2 18:0:0;10
2022-7-2 18:10:0;2
2022-7-2 18:30:0;1
2022-7-2 18:40:0;1
2022-7-2 19:0:0;1
2022-7-2 19:10:0;1
2022-7-2 19:40:0;1
2022-7-2 19:50:0;1
2022-7-2 2:0:0;4
2022-7-2 2:50:0;1
2022-7-2 20:0:0;1
2022-7-2 20:10:0;1
2022-7-2 20:30:0;1
2022-7-2 20:40:0;1
2022-7-2 21:0:0;1
2022-7-2 21:20:0;1
2022-7-2 21:30:0;2
2022-7-2 22:0:0;3
2022-7-2 22:10:0;8
2022-7-2 3:20:0;1
2022-7-2 4:10:0;1
2022-7-2 4:30:0;1
2022-7-2 4:40:0;2
2022-7-2 4:50:0;1
2022-7-2 5:30:0;2
2022-7-2 6:10:0;2
2022-7-2 6:50:0;1
2022-7-2 7:10:0;1
2022-7-2 7:30:0;3
2022-7-2 8:0:0;2
2022-7-2 8:30:0;4
2022-7-2 9:0:0;2
2022-7-2 9:20:0;1
2022-7-2 9:30:0;2
2022-7-20 0:0:0;3
2022-7-20 0:10:0;2
2022-7-20 0:30:0;1
2022-7-20 0:50:0;1
2022-7-20 1:0:0;1
2022-7-20 10:0:0;5
2022-7-20 10:10:0;2
2022-7-20 10:20:0;1
2022-7-20 10:30:0;4
2022-7-20 10:40:0;5
2022-7-20 10:50:0;2
2022-7-20 11:0:0;8
2022-7-20 11:10:0;1
2022-7-20 11:20:0;2
2022-7-20 11:30:0;3
2022-7-20 11:40:0;2
2022-7-20 11:50:0;2
2022-7-20 12:0:0;2
2022-7-20 12:10:0;2
2022-7-20 12:20:0;4
2022-7-20 12:30:0;6
2022-7-20 12:40:0;5
2022-7-20 12:50:0;3
2022-7-20 13:0:0;5
2022-7-20 13:10:0;3
2022-7-20 13:20:0;3
2022-7-20 13:30:0;4
2022-7-20 13:40:0;2
2022-7-20 13:50:0;2
2022-7-20 14:0:0;8
2022-7-20 14:10:0;1
2022-7-20 14:20:0;6
2022-7-20 14:30:0;2
2022-7-20 14:40:0;2
2022-7-20 14:53:0;1
2022-7-20 15:0:0;1
2022-7-20 15:10:0;2
2022-7-20 15:20:0;3
2022-7-20 15:30:0;2
2022-7-20 15:31:0;1
2022-7-20 15:40:0;2
2022-7-20 15:50:0;1
2022-7-20 16:0:0;11
2022-7-20 16:10:0;2
2022-7-20 16:20:0;1
2022-7-20 16:30:0;8
2022-7-20 16:40:0;3
2022-7-20 16:50:0;2
2022-7-20 17:0:0;11
2022-7-20 17:10:0;3
2022-7-20 17:20:0;6
2022-7-20 17:30:0;10
2022-7-20 17:40:0;1
2022-7-20 17:50:0;2
2022-7-20 18:0:0;22
2022-7-20 18:10:0;4
2022-7-20 18:30:0;6
2022-7-20 18:40:0;1
2022-7-20 19:0:0;10
2022-7-20 19:10:0;2
2022-7-20 19:20:0;1
2022-7-20 19:30:0;2
2022-7-20 19:50:0;1
2022-7-20 2:0:0;6
2022-7-20 20:0:0;2
2022-7-20 20:10:0;1
2022-7-20 20:30:0;3
2022-7-20 20:40:0;1
2022-7-20 21:0:0;3
2022-7-20 21:10:0;2
2022-7-20 21:20:0;1
2022-7-20 21:30:0;1
2022-7-20 21:40:0;6
2022-7-20 22:0:0;1
2022-7-20 22:10:0;2
2022-7-20 22:40:0;1
2022-7-20 23:50:0;1
2022-7-20 3:0:0;2
2022-7-20 3:30:0;2
2022-7-20 4:20:0;1
2022-7-20 4:40:0;2
2022-7-20 4:50:0;1
2022-7-20 5:0:0;1
2022-7-20 5:10:0;2
2022-7-20 5:30:0;1
2022-7-20 6:0:0;8
2022-7-20 6:10:0;3
2022-7-20 6:20:0;2
2022-7-20 6:30:0;6
2022-7-20 6:40:0;4
2022-7-20 6:50:0;1
2022-7-20 7:0:0;8
2022-7-20 7:10:0;4
2022-7-20 7:30:0;5
2022-7-20 7:40:0;4
2022-7-20 7:50:0;5
2022-7-20 8:0:0;12
2022-7-20 8:10:0;5
2022-7-20 8:20:0;3
2022-7-20 8:30:0;4
2022-7-20 8:40:0;2
2022-7-20 8:50:0;5
2022-7-20 9:0:0;2
2022-7-20 9:10:0;3
2022-7-20 9:20:0;3
2022-7-20 9:30:0;4
2022-7-20 9:40:0;1
2022-7-21 0:10:0;1
2022-7-21 0:30:0;1
2022-7-21 10:0:0;4
2022-7-21 10:10:0;2
2022-7-21 10:20:0;2
2022-7-21 10:30:0;4
2022-7-21 10:40:0;1
2022-7-21 10:50:0;3
2022-7-21 11:0:0;5
2022-7-21 11:20:0;4
2022-7-21 11:30:0;2
2022-7-21 11:40:0;1
2022-7-21 11:50:0;2
2022-7-21 12:0:0;4
2022-7-21 12:10:0;1
2022-7-21 12:20:0;1
2022-7-21 12:30:0;6
2022-7-21 12:40:0;3
2022-7-21 13:0:0;1
2022-7-21 13:10:0;2
2022-7-21 13:30:0;4
2022-7-21 13:40:0;1
2022-7-21 14:0:0;5
2022-7-21 14:10:0;1
2022-7-21 14:20:0;2
2022-7-21 14:30:0;5
2022-7-21 14:40:0;2
2022-7-21 14:50:0;1
2022-7-21 15:0:0;6
2022-7-21 15:10:0;1
2022-7-21 15:20:0;2
2022-7-21 15:30:0;2
2022-7-21 15:40:0;1
2022-7-21 15:50:0;1
2022-7-21 16:0:0;11
2022-7-21 16:10:0;2
2022-7-21 16:20:0;3
2022-7-21 16:30:0;2
2022-7-21 16:40:0;3
2022-7-21 16:50:0;2
2022-7-21 17:0:0;16
2022-7-21 17:10:0;3
2022-7-21 17:20:0;3
2022-7-21 17:30:0;9
2022-7-21 17:40:0;2
2022-7-21 18:0:0;19
2022-7-21 18:10:0;2
2022-7-21 18:20:0;3
2022-7-21 18:30:0;5
2022-7-21 18:40:0;1
2022-7-21 18:50:0;4
2022-7-21 19:0:0;6
2022-7-21 19:2:0;1
2022-7-21 19:20:0;2
2022-7-21 19:30:0;3
2022-7-21 19:50:0;2
2022-7-21 2:0:0;6
2022-7-21 20:0:0;4
2022-7-21 20:10:0;3
2022-7-21 20:20:0;1
2022-7-21 20:30:0;5
2022-7-21 20:40:0;3
2022-7-21 20:51:0;1
2022-7-21 21:0:0;4
2022-7-21 21:10:0;1
2022-7-21 21:20:0;2
2022-7-21 21:30:0;1
2022-7-21 21:40:0;1
2022-7-21 22:0:0;2
2022-7-21 22:10:0;2
2022-7-21 22:30:0;1
2022-7-21 22:40:0;1
2022-7-21 23:10:0;1
2022-7-21 23:30:0;2
2022-7-21 23:50:0;1
2022-7-21 4:30:0;1
2022-7-21 4:50:0;2
2022-7-21 5:20:0;2
2022-7-21 5:30:0;1
2022-7-21 5:40:0;2
2022-7-21 6:0:0;8
2022-7-21 6:10:0;3
2022-7-21 6:20:0;1
2022-7-21 6:30:0;5
2022-7-21 6:40:0;2
2022-7-21 7:0:0;4
2022-7-21 7:10:0;4
2022-7-21 7:20:0;1
2022-7-21 7:30:0;4
2022-7-21 7:40:0;6
2022-7-21 7:50:0;4
2022-7-21 8:0:0;10
2022-7-21 8:10:0;3
2022-7-21 8:20:0;6
2022-7-21 8:30:0;4
2022-7-21 8:40:0;4
2022-7-21 8:50:0;4
2022-7-21 9:0:0;5
2022-7-21 9:10:0;3
2022-7-21 9:20:0;3
2022-7-21 9:30:0;8
2022-7-21 9:50:0;2
2022-7-22 0:0:0;1
2022-7-22 0:30:0;1
2022-7-22 1:0:0;1
2022-7-22 10:0:0;4
2022-7-22 10:1:0;1
2022-7-22 10:10:0;3
2022-7-22 10:20:0;1
2022-7-22 10:30:0;4
2022-7-22 10:40:0;3
2022-7-22 11:0:0;5
2022-7-22 11:10:0;2
2022-7-22 11:20:0;1
2022-7-22 11:30:0;4
2022-7-22 11:40:0;1
2022-7-22 11:50:0;3
2022-7-22 12:0:0;5
2022-7-22 12:10:0;2
2022-7-22 12:20:0;2
2022-7-22 12:30:0;5
2022-7-22 12:40:0;1
2022-7-22 12:50:0;2
2022-7-22 13:0:0;5
2022-7-22 13:10:0;3
2022-7-22 13:24:0;1
2022-7-22 13:40:0;3
2022-7-22 14:0:0;8
2022-7-22 14:10:0;2
2022-7-22 14:16:0;1
2022-7-22 14:30:0;2
2022-7-22 14:40:0;3
2022-7-22 15:0:0;7
2022-7-22 15:20:0;2
2022-7-22 15:30:0;2
2022-7-22 15:50:0;3
2022-7-22 16:0:0;10
2022-7-22 16:20:0;2
2022-7-22 16:30:0;4
2022-7-22 16:39:0;1
2022-7-22 16:50:0;1
2022-7-22 16:54:0;1
2022-7-22 17:0:0;12
2022-7-22 17:10:0;5
2022-7-22 17:20:0;2
2022-7-22 17:30:0;6
2022-7-22 17:40:0;4
2022-7-22 17:50:0;1
2022-7-22 18:0:0;18
2022-7-22 18:10:0;2
2022-7-22 18:20:0;2
2022-7-22 18:30:0;3
2022-7-22 18:40:0;1
2022-7-22 18:50:0;1
2022-7-22 19:0:0;1
2022-7-22 19:10:0;1
2022-7-22 19:20:0;1
2022-7-22 19:30:0;2
2022-7-22 19:50:0;2
2022-7-22 2:0:0;2
2022-7-22 20:0:0;2
2022-7-22 20:10:0;2
2022-7-22 20:30:0;3
2022-7-22 21:0:0;4
2022-7-22 21:20:0;1
2022-7-22 21:30:0;1
2022-7-22 22:0:0;1
2022-7-22 22:20:0;2
2022-7-22 22:40:0;1
2022-7-22 22:50:0;1
2022-7-22 23:0:0;2
2022-7-22 3:0:0;1
2022-7-22 4:30:0;1
2022-7-22 4:40:0;1
2022-7-22 5:20:0;2
2022-7-22 5:40:0;2
2022-7-22 6:0:0;8
2022-7-22 6:10:0;1
2022-7-22 6:20:0;2
2022-7-22 6:30:0;1
2022-7-22 6:40:0;6
2022-7-22 7:0:0;8
2022-7-22 7:10:0;3
2022-7-22 7:20:0;3
2022-7-22 7:30:0;5
2022-7-22 7:40:0;3
2022-7-22 7:50:0;4
2022-7-22 8:0:0;9
2022-7-22 8:10:0;5
2022-7-22 8:20:0;3
2022-7-22 8:30:0;10
2022-7-22 8:40:0;1
2022-7-22 8:50:0;3
2022-7-22 9:0:0;4
2022-7-22 9:10:0;2
2022-7-22 9:20:0;2
2022-7-22 9:30:0;2
2022-7-22 9:40:0;2
2022-7-23 0:10:0;1
2022-7-23 10:0:0;7
2022-7-23 10:10:0;1
2022-7-23 10:40:0;2
2022-7-23 11:0:0;2
2022-7-23 11:10:0;1
2022-7-23 11:20:0;1
2022-7-23 11:30:0;1
2022-7-23 11:40:0;2
2022-7-23 11:50:0;2
2022-7-23 11:52:0;1
2022-7-23 12:0:0;5
2022-7-23 12:10:0;1
2022-7-23 12:20:0;3
2022-7-23 12:30:0;2
2022-7-23 12:40:0;1
2022-7-23 13:0:0;2
2022-7-23 13:30:0;2
2022-7-23 13:50:0;3
2022-7-23 14:0:0;3
2022-7-23 14:10:0;2
2022-7-23 14:20:0;1
2022-7-23 14:30:0;3
2022-7-23 14:50:0;1
2022-7-23 15:0:0;2
2022-7-23 15:30:0;1
2022-7-23 15:50:0;2
2022-7-23 16:0:0;2
2022-7-23 16:10:0;1
2022-7-23 16:30:0;1
2022-7-23 16:50:0;1
2022-7-23 17:0:0;6
2022-7-23 17:10:0;1
2022-7-23 17:20:0;2
2022-7-23 17:30:0;3
2022-7-23 18:0:0;9
2022-7-23 18:10:0;3
2022-7-23 18:20:0;1
2022-7-23 18:30:0;1
2022-7-23 18:40:0;1
2022-7-23 18:50:0;1
2022-7-23 19:0:0;1
2022-7-23 19:20:0;1
2022-7-23 19:30:0;2
2022-7-23 2:0:0;4
2022-7-23 20:0:0;1
2022-7-23 20:30:0;1
2022-7-23 21:0:0;1
2022-7-23 21:20:0;1
2022-7-23 21:30:0;2
2022-7-23 22:40:0;1
2022-7-23 3:0:0;2
2022-7-23 4:30:0;1
2022-7-23 4:50:0;1
2022-7-23 5:20:0;2
2022-7-23 5:30:0;1
2022-7-23 5:40:0;1
2022-7-23 6:0:0;6
2022-7-23 6:40:0;1
2022-7-23 6:50:0;1
2022-7-23 7:0:0;3
2022-7-23 7:30:0;2
2022-7-23 7:50:0;1
2022-7-23 8:0:0;2
2022-7-23 8:30:0;3
2022-7-23 8:40:0;1
2022-7-23 8:50:0;2
2022-7-23 9:0:0;3
2022-7-23 9:10:0;1
2022-7-23 9:17:0;1
2022-7-23 9:20:0;1
2022-7-23 9:30:0;2
2022-7-23 9:40:0;2
2022-7-23 9:50:0;1
2022-7-24 0:10:0;1
2022-7-24 10:0:0;2
2022-7-24 10:10:0;1
2022-7-24 10:30:0;1
2022-7-24 10:40:0;1
2022-7-24 11:0:0;1
2022-7-24 12:0:0;2
2022-7-24 12:20:0;1
2022-7-24 12:30:0;2
2022-7-24 12:50:0;1
2022-7-24 13:10:0;1
2022-7-24 13:20:0;3
2022-7-24 14:0:0;1
2022-7-24 14:10:0;1
2022-7-24 15:0:0;1
2022-7-24 16:0:0;1
2022-7-24 17:0:0;2
2022-7-24 17:30:0;2
2022-7-24 18:0:0;1
2022-7-24 18:10:0;2
2022-7-24 18:20:0;2
2022-7-24 18:30:0;1
2022-7-24 19:30:0;1
2022-7-24 19:40:0;1
2022-7-24 20:10:0;1
2022-7-24 20:30:0;1
2022-7-24 20:40:0;1
2022-7-24 21:0:0;1
2022-7-24 21:20:0;2
2022-7-24 21:30:0;2
2022-7-24 22:0:0;1
2022-7-24 22:10:0;1
2022-7-24 22:40:0;1
2022-7-24 23:0:0;1
2022-7-24 3:0:0;1
2022-7-24 4:10:0;1
2022-7-24 4:30:0;2
2022-7-24 5:10:0;2
2022-7-24 5:20:0;2
2022-7-24 5:30:0;3
2022-7-24 6:0:0;2
2022-7-24 7:50:0;1
2022-7-24 8:20:0;1
2022-7-24 8:30:0;1
2022-7-24 9:30:0;1
2022-7-25 0:10:0;1
2022-7-25 1:20:0;1
2022-7-25 1:40:0;1
2022-7-25 10:0:0;1
2022-7-25 10:10:0;3
2022-7-25 10:20:0;2
2022-7-25 10:30:0;2
2022-7-25 11:0:0;3
2022-7-25 11:10:0;3
2022-7-25 11:20:0;2
2022-7-25 11:30:0;3
2022-7-25 11:40:0;1
2022-7-25 11:50:0;2
2022-7-25 12:0:0;3
2022-7-25 12:10:0;4
2022-7-25 12:15:0;1
2022-7-25 12:20:0;4
2022-7-25 12:25:0;2
2022-7-25 12:30:0;4
2022-7-25 12:40:0;2
2022-7-25 12:50:0;2
2022-7-25 13:0:0;5
2022-7-25 13:2:0;1
2022-7-25 13:30:0;3
2022-7-25 13:40:0;2
2022-7-25 13:50:0;1
2022-7-25 14:0:0;5
2022-7-25 14:10:0;1
2022-7-25 14:30:0;3
2022-7-25 14:50:0;1
2022-7-25 15:0:0;3
2022-7-25 15:20:0;2
2022-7-25 15:30:0;2
2022-7-25 15:40:0;1
2022-7-25 16:0:0;6
2022-7-25 16:10:0;1
2022-7-25 16:20:0;1
2022-7-25 16:30:0;2
2022-7-25 16:40:0;2
2022-7-25 16:50:0;2
2022-7-25 17:0:0;7
2022-7-25 17:10:0;2
2022-7-25 17:20:0;2
2022-7-25 17:30:0;2
2022-7-25 17:40:0;3
2022-7-25 17:50:0;3
2022-7-25 18:0:0;20
2022-7-25 18:10:0;1
2022-7-25 18:30:0;3
2022-7-25 19:10:0;1
2022-7-25 19:40:0;1
2022-7-25 20:0:0;2
2022-7-25 20:10:0;1
2022-7-25 20:40:0;1
2022-7-25 21:0:0;1
2022-7-25 21:10:0;1
2022-7-25 21:20:0;1
2022-7-25 21:30:0;1
2022-7-25 21:50:0;2
2022-7-25 22:10:0;1
2022-7-25 22:30:0;2
2022-7-25 22:40:0;1
2022-7-25 22:50:0;2
2022-7-25 23:0:0;1
2022-7-25 23:10:0;1
2022-7-25 3:20:0;3
2022-7-25 3:30:0;2
2022-7-25 4:30:0;1
2022-7-25 4:40:0;2
2022-7-25 4:50:0;1
2022-7-25 5:10:0;4
2022-7-25 5:20:0;4
2022-7-25 5:30:0;4
2022-7-25 5:50:0;1
2022-7-25 6:0:0;6
2022-7-25 6:10:0;2
2022-7-25 6:20:0;3
2022-7-25 6:30:0;1
2022-7-25 6:40:0;5
2022-7-25 6:50:0;2
2022-7-25 7:0:0;6
2022-7-25 7:20:0;3
2022-7-25 7:30:0;5
2022-7-25 7:40:0;1
2022-7-25 7:50:0;5
2022-7-25 8:0:0;10
2022-7-25 8:10:0;2
2022-7-25 8:20:0;4
2022-7-25 8:30:0;6
2022-7-25 8:40:0;4
2022-7-25 8:50:0;5
2022-7-25 9:0:0;5
2022-7-25 9:10:0;1
2022-7-25 9:20:0;4
2022-7-25 9:30:0;3
2022-7-25 9:40:0;1
2022-7-25 9:50:0;2
2022-7-26 0:0:0;1
2022-7-26 0:10:0;1
2022-7-26 1:0:0;1
2022-7-26 10:0:0;6
2022-7-26 10:10:0;2
2022-7-26 10:30:0;2
2022-7-26 10:40:0;2
2022-7-26 10:50:0;1
2022-7-26 11:0:0;7
2022-7-26 11:10:0;1
2022-7-26 11:20:0;2
2022-7-26 11:30:0;3
2022-7-26 11:40:0;1
2022-7-26 11:50:0;1
2022-7-26 12:10:0;2
2022-7-26 12:2:0;1
2022-7-26 12:20:0;5
2022-7-26 12:30:0;4
2022-7-26 12:50:0;2
2022-7-26 12:58:0;1
2022-7-26 13:0:0;3
2022-7-26 13:30:0;4
2022-7-26 13:39:0;1
2022-7-26 13:4:0;1
2022-7-26 13:40:0;1
2022-7-26 14:0:0;6
2022-7-26 14:10:0;2
2022-7-26 14:30:0;3
2022-7-26 14:40:0;3
2022-7-26 14:53:0;1
2022-7-26 14:55:0;1
2022-7-26 14:56:0;1
2022-7-26 14:57:0;1
2022-7-26 15:0:0;3
2022-7-26 15:20:0;2
2022-7-26 15:3:0;1
2022-7-26 15:30:0;4
2022-7-26 15:36:0;1
2022-7-26 15:40:0;1
2022-7-26 16:0:0;8
2022-7-26 16:10:0;1
2022-7-26 16:20:0;1
2022-7-26 16:30:0;6
2022-7-26 16:40:0;1
2022-7-26 16:50:0;1
2022-7-26 17:0:0;11
2022-7-26 17:10:0;6
2022-7-26 17:11:0;1
2022-7-26 17:20:0;1
2022-7-26 17:30:0;6
2022-7-26 17:40:0;4
2022-7-26 17:50:0;2
2022-7-26 18:0:0;14
2022-7-26 18:10:0;2
2022-7-26 18:30:0;1
2022-7-26 19:0:0;4
2022-7-26 19:10:0;3
2022-7-26 19:20:0;1
2022-7-26 19:30:0;2
2022-7-26 2:0:0;7
2022-7-26 2:30:0;1
2022-7-26 20:0:0;3
2022-7-26 20:20:0;1
2022-7-26 20:30:0;3
2022-7-26 20:40:0;1
2022-7-26 20:50:0;2
2022-7-26 21:0:0;1
2022-7-26 21:10:0;2
2022-7-26 21:20:0;1
2022-7-26 21:21:0;1
2022-7-26 22:10:0;1
2022-7-26 22:30:0;1
2022-7-26 22:40:0;3
2022-7-26 22:50:0;1
2022-7-26 23:0:0;2
2022-7-26 23:10:0;2
2022-7-26 23:30:0;2
2022-7-26 23:50:0;1
2022-7-26 3:0:0;2
2022-7-26 3:30:0;1
2022-7-26 4:0:0;1
2022-7-26 4:20:0;1
2022-7-26 4:30:0;1
2022-7-26 4:40:0;2
2022-7-26 4:50:0;1
2022-7-26 5:10:0;1
2022-7-26 5:20:0;1
2022-7-26 5:30:0;2
2022-7-26 5:50:0;1
2022-7-26 6:0:0;3
2022-7-26 6:10:0;1
2022-7-26 6:20:0;4
2022-7-26 6:30:0;2
2022-7-26 6:40:0;8
2022-7-26 6:50:0;4
2022-7-26 7:0:0;8
2022-7-26 7:10:0;1
2022-7-26 7:20:0;4
2022-7-26 7:27:0;1
2022-7-26 7:30:0;5
2022-7-26 7:40:0;2
2022-7-26 7:50:0;2
2022-7-26 7:55:0;1
2022-7-26 8:0:0;9
2022-7-26 8:10:0;3
2022-7-26 8:20:0;6
2022-7-26 8:30:0;2
2022-7-26 8:40:0;4
2022-7-26 8:50:0;4
2022-7-26 9:0:0;8
2022-7-26 9:10:0;7
2022-7-26 9:20:0;2
2022-7-26 9:30:0;4
2022-7-26 9:40:0;2
2022-7-26 9:50:0;1
2022-7-27 0:0:0;1
2022-7-27 10:0:0;6
2022-7-27 10:10:0;4
2022-7-27 10:20:0;2
2022-7-27 10:30:0;4
2022-7-27 10:40:0;3
2022-7-27 10:50:0;3
2022-7-27 11:0:0;4
2022-7-27 11:10:0;3
2022-7-27 11:30:0;4
2022-7-27 11:40:0;1
2022-7-27 11:50:0;1
2022-7-27 11:52:0;1
2022-7-27 12:0:0;3
2022-7-27 12:10:0;5
2022-7-27 12:12:0;2
2022-7-27 12:20:0;1
2022-7-27 12:30:0;5
2022-7-27 12:40:0;2
2022-7-27 12:50:0;1
2022-7-27 12:9:0;1
2022-7-27 13:0:0;3
2022-7-27 13:10:0;2
2022-7-27 13:20:0;1
2022-7-27 13:30:0;4
2022-7-27 13:50:0;1
2022-7-27 14:0:0;4
2022-7-27 14:10:0;1
2022-7-27 14:30:0;3
2022-7-27 14:40:0;1
2022-7-27 14:50:0;1
2022-7-27 14:56:0;1
2022-7-27 15:0:0;6
2022-7-27 15:10:0;2
2022-7-27 15:15:0;1
2022-7-27 15:20:0;1
2022-7-27 15:30:0;5
2022-7-27 15:40:0;1
2022-7-27 15:47:0;1
2022-7-27 16:0:0;7
2022-7-27 16:1:0;1
2022-7-27 16:10:0;2
2022-7-27 16:30:0;6
2022-7-27 16:40:0;1
2022-7-27 16:50:0;1
2022-7-27 17:0:0;13
2022-7-27 17:10:0;4
2022-7-27 17:20:0;1
2022-7-27 17:30:0;7
2022-7-27 17:40:0;1
2022-7-27 18:0:0;20
2022-7-27 18:10:0;7
2022-7-27 18:20:0;2
2022-7-27 18:30:0;7
2022-7-27 18:40:0;1
2022-7-27 19:0:0;3
2022-7-27 19:10:0;2
2022-7-27 19:20:0;1
2022-7-27 19:30:0;2
2022-7-27 19:40:0;2
2022-7-27 2:0:0;7
2022-7-27 20:0:0;2
2022-7-27 20:10:0;1
2022-7-27 20:14:0;1
2022-7-27 20:30:0;1
2022-7-27 20:40:0;1
2022-7-27 20:50:0;1
2022-7-27 21:0:0;3
2022-7-27 21:10:0;1
2022-7-27 21:20:0;1
2022-7-27 21:30:0;1
2022-7-27 22:0:0;2
2022-7-27 22:10:0;1
2022-7-27 22:30:0;1
2022-7-27 23:0:0;3
2022-7-27 23:20:0;2
2022-7-27 23:30:0;2
2022-7-27 4:0:0;1
2022-7-27 4:30:0;1
2022-7-27 4:40:0;2
2022-7-27 4:50:0;1
2022-7-27 5:0:0;2
2022-7-27 5:10:0;1
2022-7-27 5:20:0;3
2022-7-27 5:30:0;1
2022-7-27 5:40:0;1
2022-7-27 6:0:0;4
2022-7-27 6:10:0;1
2022-7-27 6:20:0;3
2022-7-27 6:30:0;2
2022-7-27 6:40:0;5
2022-7-27 6:50:0;2
2022-7-27 7:0:0;3
2022-7-27 7:20:0;3
2022-7-27 7:30:0;9
2022-7-27 7:40:0;3
2022-7-27 7:50:0;5
2022-7-27 8:0:0;14
2022-7-27 8:10:0;4
2022-7-27 8:20:0;7
2022-7-27 8:30:0;3
2022-7-27 8:40:0;3
2022-7-27 8:50:0;2
2022-7-27 9:0:0;10
2022-7-27 9:10:0;1
2022-7-27 9:20:0;2
2022-7-27 9:30:0;7
2022-7-27 9:40:0;1
2022-7-27 9:50:0;1
2022-7-28 0:0:0;1
2022-7-28 0:10:0;1
2022-7-28 1:0:0;1
2022-7-28 10:0:0;6
2022-7-28 10:10:0;2
2022-7-28 10:20:0;1
2022-7-28 10:30:0;1
2022-7-28 10:40:0;1
2022-7-28 10:50:0;1
2022-7-28 11:0:0;2
2022-7-28 11:20:0;1
2022-7-28 11:29:0;1
2022-7-28 11:30:0;3
2022-7-28 11:40:0;1
2022-7-28 11:50:0;3
2022-7-28 12:0:0;3
2022-7-28 12:10:0;2
2022-7-28 12:20:0;2
2022-7-28 12:30:0;4
2022-7-28 12:40:0;1
2022-7-28 12:50:0;1
2022-7-28 13:0:0;2
2022-7-28 13:30:0;2
2022-7-28 13:40:0;2
2022-7-28 13:50:0;1
2022-7-28 14:0:0;6
2022-7-28 14:10:0;3
2022-7-28 14:20:0;3
2022-7-28 14:30:0;5
2022-7-28 15:0:0;4
2022-7-28 15:20:0;1
2022-7-28 15:30:0;1
2022-7-28 15:40:0;1
2022-7-28 16:0:0;10
2022-7-28 16:10:0;1
2022-7-28 16:30:0;3
2022-7-28 16:40:0;3
2022-7-28 17:0:0;10
2022-7-28 17:10:0;6
2022-7-28 17:20:0;4
2022-7-28 17:30:0;4
2022-7-28 17:40:0;2
2022-7-28 17:50:0;1
2022-7-28 18:0:0;17
2022-7-28 18:10:0;4
2022-7-28 18:30:0;4
2022-7-28 18:40:0;2
2022-7-28 19:0:0;3
2022-7-28 19:10:0;1
2022-7-28 19:20:0;1
2022-7-28 19:30:0;1
2022-7-28 2:0:0;10
2022-7-28 20:0:0;5
2022-7-28 20:30:0;2
2022-7-28 20:40:0;3
2022-7-28 21:0:0;4
2022-7-28 21:10:0;2
2022-7-28 21:20:0;1
2022-7-28 21:40:0;1
2022-7-28 22:0:0;2
2022-7-28 22:10:0;1
2022-7-28 22:30:0;2
2022-7-28 23:0:0;2
2022-7-28 23:10:0;1
2022-7-28 23:50:0;1
2022-7-28 4:30:0;2
2022-7-28 4:40:0;2
2022-7-28 4:50:0;1
2022-7-28 5:0:0;2
2022-7-28 5:10:0;1
2022-7-28 5:20:0;1
2022-7-28 5:30:0;4
2022-7-28 5:50:0;1
2022-7-28 6:0:0;5
2022-7-28 6:20:0;2
2022-7-28 6:30:0;1
2022-7-28 6:40:0;3
2022-7-28 7:0:0;4
2022-7-28 7:10:0;3
2022-7-28 7:20:0;2
2022-7-28 7:30:0;9
2022-7-28 7:40:0;5
2022-7-28 7:50:0;6
2022-7-28 8:0:0;11
2022-7-28 8:10:0;5
2022-7-28 8:30:0;8
2022-7-28 8:40:0;1
2022-7-28 8:50:0;1
2022-7-28 9:0:0;5
2022-7-28 9:10:0;4
2022-7-28 9:20:0;3
2022-7-28 9:30:0;3
2022-7-28 9:40:0;6
2022-7-28 9:50:0;1
2022-7-29 0:50:0;1
2022-7-29 1:0:0;1
2022-7-29 1:30:0;1
2022-7-29 10:0:0;9
2022-7-29 10:10:0;4
2022-7-29 10:20:0;3
2022-7-29 10:30:0;3
2022-7-29 10:40:0;3
2022-7-29 10:50:0;3
2022-7-29 11:0:0;4
2022-7-29 11:10:0;2
2022-7-29 11:20:0;1
2022-7-29 11:30:0;1
2022-7-29 11:40:0;2
2022-7-29 11:50:0;2
2022-7-29 12:0:0;3
2022-7-29 12:10:0;1
2022-7-29 12:20:0;1
2022-7-29 12:30:0;10
2022-7-29 12:40:0;7
2022-7-29 12:50:0;2
2022-7-29 13:0:0;5
2022-7-29 13:10:0;2
2022-7-29 13:30:0;2
2022-7-29 13:40:0;1
2022-7-29 13:50:0;1
2022-7-29 14:0:0;5
2022-7-29 14:10:0;4
2022-7-29 14:20:0;1
2022-7-29 14:30:0;1
2022-7-29 14:40:0;3
2022-7-29 15:0:0;8
2022-7-29 15:10:0;2
2022-7-29 15:20:0;2
2022-7-29 15:30:0;2
2022-7-29 15:40:0;1
2022-7-29 15:50:0;1
2022-7-29 16:0:0;7
2022-7-29 16:10:0;1
2022-7-29 16:20:0;2
2022-7-29 16:30:0;1
2022-7-29 16:38:0;1
2022-7-29 16:50:0;2
2022-7-29 17:0:0;9
2022-7-29 17:10:0;1
2022-7-29 17:20:0;1
2022-7-29 17:30:0;3
2022-7-29 17:40:0;2
2022-7-29 17:50:0;1
2022-7-29 18:0:0;19
2022-7-29 18:10:0;1
2022-7-29 18:20:0;4
2022-7-29 18:50:0;1
2022-7-29 19:0:0;2
2022-7-29 19:30:0;1
2022-7-29 19:40:0;1
2022-7-29 2:0:0;7
2022-7-29 20:30:0;2
2022-7-29 21:0:0;3
2022-7-29 21:10:0;3
2022-7-29 21:20:0;1
2022-7-29 21:30:0;1
2022-7-29 21:40:0;1
2022-7-29 22:20:0;1
2022-7-29 22:30:0;1
2022-7-29 22:40:0;1
2022-7-29 23:10:0;1
2022-7-29 23:50:0;1
2022-7-29 4:30:0;1
2022-7-29 4:40:0;2
2022-7-29 4:50:0;1
2022-7-29 5:20:0;2
2022-7-29 5:30:0;3
2022-7-29 5:40:0;1
2022-7-29 6:0:0;4
2022-7-29 6:10:0;1
2022-7-29 6:30:0;1
2022-7-29 6:40:0;4
2022-7-29 7:0:0;4
2022-7-29 7:10:0;1
2022-7-29 7:20:0;2
2022-7-29 7:30:0;6
2022-7-29 7:40:0;2
2022-7-29 7:50:0;2
2022-7-29 8:0:0;8
2022-7-29 8:10:0;5
2022-7-29 8:20:0;1
2022-7-29 8:30:0;5
2022-7-29 8:40:0;3
2022-7-29 8:50:0;1
2022-7-29 9:0:0;3
2022-7-29 9:10:0;2
2022-7-29 9:20:0;4
2022-7-29 9:30:0;5
2022-7-29 9:40:0;2
2022-7-3 0:50:0;1
2022-7-3 1:20:0;1
2022-7-3 10:0:0;3
2022-7-3 10:30:0;1
2022-7-3 11:30:0;1
2022-7-3 12:10:0;1
2022-7-3 13:0:0;6
2022-7-3 13:20:0;1
2022-7-3 13:30:0;2
2022-7-3 14:0:0;5
2022-7-3 14:10:0;1
2022-7-3 14:40:0;1
2022-7-3 15:10:0;1
2022-7-3 15:30:0;1
2022-7-3 16:10:0;1
2022-7-3 16:30:0;2
2022-7-3 16:50:0;1
2022-7-3 17:0:0;2
2022-7-3 17:40:0;1
2022-7-3 17:50:0;1
2022-7-3 18:0:0;6
2022-7-3 18:10:0;1
2022-7-3 18:20:0;1
2022-7-3 19:0:0;1
2022-7-3 19:30:0;2
2022-7-3 2:0:0;3
2022-7-3 20:10:0;1
2022-7-3 20:30:0;1
2022-7-3 21:20:0;1
2022-7-3 21:30:0;1
2022-7-3 21:50:0;1
2022-7-3 22:0:0;3
2022-7-3 22:10:0;1
2022-7-3 22:30:0;1
2022-7-3 23:0:0;1
2022-7-3 23:50:0;1
2022-7-3 4:0:0;1
2022-7-3 4:10:0;1
2022-7-3 4:30:0;1
2022-7-3 4:50:0;1
2022-7-3 5:10:0;1
2022-7-3 5:30:0;3
2022-7-3 6:0:0;3
2022-7-3 6:10:0;1
2022-7-3 7:0:0;1
2022-7-3 7:10:0;1
2022-7-3 7:20:0;1
2022-7-3 7:30:0;1
2022-7-3 8:0:0;1
2022-7-3 9:20:0;1
2022-7-4 0:20:0;1
2022-7-4 0:40:0;1
2022-7-4 10:0:0;3
2022-7-4 10:10:0;2
2022-7-4 10:20:0;1
2022-7-4 10:29:0;1
2022-7-4 10:30:0;4
2022-7-4 10:50:0;3
2022-7-4 10:53:0;1
2022-7-4 11:0:0;4
2022-7-4 11:10:0;3
2022-7-4 11:14:0;1
2022-7-4 11:20:0;5
2022-7-4 11:30:0;2
2022-7-4 11:40:0;2
2022-7-4 11:46:0;1
2022-7-4 11:50:0;2
2022-7-4 11:59:0;1
2022-7-4 12:0:0;4
2022-7-4 12:10:0;2
2022-7-4 12:30:0;7
2022-7-4 12:40:0;3
2022-7-4 12:50:0;1
2022-7-4 13:0:0;4
2022-7-4 13:10:0;1
2022-7-4 13:30:0;3
2022-7-4 13:40:0;1
2022-7-4 13:50:0;2
2022-7-4 13:8:0;1
2022-7-4 14:0:0;6
2022-7-4 14:10:0;3
2022-7-4 14:30:0;2
2022-7-4 14:57:0;1
2022-7-4 14:8:0;1
2022-7-4 15:0:0;7
2022-7-4 15:10:0;7
2022-7-4 15:30:0;2
2022-7-4 15:40:0;1
2022-7-4 15:50:0;1
2022-7-4 16:0:0;6
2022-7-4 16:10:0;2
2022-7-4 16:20:0;1
2022-7-4 16:30:0;4
2022-7-4 16:40:0;3
2022-7-4 16:50:0;1
2022-7-4 17:0:0;10
2022-7-4 17:10:0;3
2022-7-4 17:20:0;5
2022-7-4 17:30:0;5
2022-7-4 17:40:0;1
2022-7-4 17:50:0;1
2022-7-4 18:0:0;10
2022-7-4 18:10:0;7
2022-7-4 18:20:0;1
2022-7-4 18:30:0;2
2022-7-4 18:32:0;1
2022-7-4 18:40:0;3
2022-7-4 18:50:0;2
2022-7-4 19:0:0;3
2022-7-4 19:20:0;1
2022-7-4 19:30:0;3
2022-7-4 20:0:0;3
2022-7-4 20:10:0;1
2022-7-4 20:30:0;1
2022-7-4 20:40:0;1
2022-7-4 20:50:0;1
2022-7-4 21:0:0;1
2022-7-4 21:20:0;2
2022-7-4 21:40:0;1
2022-7-4 22:0:0;5
2022-7-4 22:10:0;1
2022-7-4 22:20:0;1
2022-7-4 22:40:0;1
2022-7-4 22:50:0;1
2022-7-4 23:0:0;1
2022-7-4 23:30:0;1
2022-7-4 3:20:0;2
2022-7-4 3:30:0;2
2022-7-4 4:0:0;1
2022-7-4 4:10:0;1
2022-7-4 4:20:0;1
2022-7-4 4:30:0;8
2022-7-4 5:0:0;4
2022-7-4 5:10:0;1
2022-7-4 5:20:0;3
2022-7-4 5:30:0;4
2022-7-4 5:40:0;1
2022-7-4 6:0:0;6
2022-7-4 6:10:0;2
2022-7-4 6:20:0;2
2022-7-4 6:30:0;5
2022-7-4 6:40:0;4
2022-7-4 6:50:0;1
2022-7-4 7:0:0;3
2022-7-4 7:10:0;5
2022-7-4 7:20:0;2
2022-7-4 7:30:0;6
2022-7-4 7:40:0;1
2022-7-4 7:50:0;2
2022-7-4 8:0:0;8
2022-7-4 8:20:0;1
2022-7-4 8:30:0;2
2022-7-4 8:38:0;1
2022-7-4 8:40:0;6
2022-7-4 8:50:0;2
2022-7-4 8:51:0;1
2022-7-4 8:57:0;1
2022-7-4 8:59:0;1
2022-7-4 9:0:0;7
2022-7-4 9:10:0;4
2022-7-4 9:12:0;1
2022-7-4 9:20:0;1
2022-7-4 9:24:0;1
2022-7-4 9:30:0;1
2022-7-4 9:38:0;1
2022-7-4 9:4:0;1
2022-7-4 9:40:0;1
2022-7-4 9:50:0;2
2022-7-5 0:10:0;2
2022-7-5 0:50:0;1
2022-7-5 1:0:0;1
2022-7-5 1:50:0;1
2022-7-5 10:0:0;3
2022-7-5 10:10:0;1
2022-7-5 10:20:0;6
2022-7-5 10:30:0;6
2022-7-5 10:50:0;1
2022-7-5 11:0:0;7
2022-7-5 11:10:0;2
2022-7-5 11:20:0;3
2022-7-5 11:30:0;4
2022-7-5 11:40:0;5
2022-7-5 11:46:0;1
2022-7-5 11:50:0;4
2022-7-5 12:0:0;5
2022-7-5 12:10:0;3
2022-7-5 12:20:0;1
2022-7-5 12:30:0;4
2022-7-5 12:40:0;2
2022-7-5 12:50:0;1
2022-7-5 12:52:0;1
2022-7-5 12:7:0;1
2022-7-5 13:0:0;10
2022-7-5 13:10:0;1
2022-7-5 13:20:0;1
2022-7-5 13:30:0;6
2022-7-5 13:40:0;2
2022-7-5 13:50:0;1
2022-7-5 14:0:0;1
2022-7-5 14:10:0;2
2022-7-5 14:20:0;1
2022-7-5 14:40:0;3
2022-7-5 14:50:0;4
2022-7-5 15:0:0;3
2022-7-5 15:10:0;10
2022-7-5 15:30:0;5
2022-7-5 15:40:0;2
2022-7-5 15:50:0;2
2022-7-5 16:0:0;6
2022-7-5 16:10:0;5
2022-7-5 16:20:0;1
2022-7-5 16:30:0;3
2022-7-5 16:40:0;4
2022-7-5 16:50:0;1
2022-7-5 17:0:0;11
2022-7-5 17:10:0;4
2022-7-5 17:15:0;1
2022-7-5 17:19:0;1
2022-7-5 17:20:0;5
2022-7-5 17:30:0;9
2022-7-5 17:40:0;2
2022-7-5 17:50:0;4
2022-7-5 18:0:0;15
2022-7-5 18:10:0;2
2022-7-5 18:30:0;6
2022-7-5 18:40:0;3
2022-7-5 18:50:0;1
2022-7-5 19:0:0;4
2022-7-5 19:10:0;2
2022-7-5 19:20:0;1
2022-7-5 19:30:0;1
2022-7-5 19:40:0;1
2022-7-5 19:50:0;1
2022-7-5 2:0:0;6
2022-7-5 2:50:0;2
2022-7-5 20:0:0;3
2022-7-5 20:10:0;1
2022-7-5 20:30:0;5
2022-7-5 20:40:0;1
2022-7-5 20:50:0;1
2022-7-5 21:10:0;2
2022-7-5 21:20:0;2
2022-7-5 21:50:0;1
2022-7-5 22:0:0;4
2022-7-5 22:10:0;2
2022-7-5 22:50:0;2
2022-7-5 23:0:0;2
2022-7-5 23:30:0;1
2022-7-5 3:0:0;1
2022-7-5 4:30:0;4
2022-7-5 4:40:0;1
2022-7-5 4:50:0;1
2022-7-5 5:0:0;4
2022-7-5 5:20:0;1
2022-7-5 5:30:0;1
2022-7-5 6:0:0;5
2022-7-5 6:10:0;1
2022-7-5 6:20:0;4
2022-7-5 6:30:0;5
2022-7-5 6:40:0;2
2022-7-5 6:50:0;1
2022-7-5 7:0:0;10
2022-7-5 7:10:0;1
2022-7-5 7:11:0;1
2022-7-5 7:20:0;1
2022-7-5 7:30:0;7
2022-7-5 7:40:0;5
2022-7-5 7:50:0;10
2022-7-5 7:51:0;1
2022-7-5 8:0:0;11
2022-7-5 8:10:0;2
2022-7-5 8:20:0;4
2022-7-5 8:30:0;3
2022-7-5 8:40:0;3
2022-7-5 8:50:0;3
2022-7-5 8:54:0;1
2022-7-5 9:0:0;6
2022-7-5 9:10:0;2
2022-7-5 9:20:0;3
2022-7-5 9:30:0;5
2022-7-5 9:40:0;3
2022-7-5 9:50:0;3
2022-7-6 0:0:0;2
2022-7-6 0:10:0;1
2022-7-6 0:30:0;1
2022-7-6 0:50:0;1
2022-7-6 1:0:0;2
2022-7-6 10:0:0;9
2022-7-6 10:10:0;1
2022-7-6 10:20:0;1
2022-7-6 10:24:0;1
2022-7-6 10:30:0;2
2022-7-6 10:4:0;1
2022-7-6 10:40:0;3
2022-7-6 10:50:0;2
2022-7-6 11:0:0;3
2022-7-6 11:10:0;2
2022-7-6 11:20:0;2
2022-7-6 11:30:0;2
2022-7-6 11:49:0;1
2022-7-6 11:50:0;4
2022-7-6 12:0:0;5
2022-7-6 12:10:0;1
2022-7-6 12:20:0;1
2022-7-6 12:24:0;1
2022-7-6 12:30:0;3
2022-7-6 12:37:0;1
2022-7-6 12:40:0;5
2022-7-6 12:50:0;1
2022-7-6 13:0:0;5
2022-7-6 13:10:0;4
2022-7-6 13:20:0;1
2022-7-6 13:30:0;3
2022-7-6 14:0:0;7
2022-7-6 14:10:0;2
2022-7-6 14:30:0;1
2022-7-6 15:0:0;3
2022-7-6 15:10:0;9
2022-7-6 15:14:0;1
2022-7-6 15:20:0;1
2022-7-6 15:21:0;1
2022-7-6 15:30:0;1
2022-7-6 15:40:0;1
2022-7-6 15:50:0;3
2022-7-6 16:0:0;7
2022-7-6 16:10:0;2
2022-7-6 16:20:0;1
2022-7-6 16:30:0;5
2022-7-6 16:40:0;2
2022-7-6 16:50:0;1
2022-7-6 17:0:0;15
2022-7-6 17:10:0;5
2022-7-6 17:20:0;3
2022-7-6 17:30:0;10
2022-7-6 17:40:0;2
2022-7-6 17:50:0;1
2022-7-6 18:0:0;19
2022-7-6 18:10:0;2
2022-7-6 18:30:0;1
2022-7-6 18:40:0;1
2022-7-6 19:0:0;3
2022-7-6 19:10:0;1
2022-7-6 19:11:0;1
2022-7-6 19:12:0;1
2022-7-6 19:20:0;2
2022-7-6 19:50:0;1
2022-7-6 2:0:0;6
2022-7-6 2:50:0;3
2022-7-6 20:0:0;2
2022-7-6 20:30:0;5
2022-7-6 21:0:0;1
2022-7-6 21:10:0;1
2022-7-6 21:20:0;2
2022-7-6 21:30:0;1
2022-7-6 21:51:0;1
2022-7-6 22:0:0;2
2022-7-6 22:30:0;1
2022-7-6 22:50:0;1
2022-7-6 4:20:0;2
2022-7-6 4:30:0;3
2022-7-6 4:50:0;1
2022-7-6 5:0:0;3
2022-7-6 5:10:0;1
2022-7-6 5:30:0;2
2022-7-6 6:0:0;5
2022-7-6 6:15:0;1
2022-7-6 6:20:0;1
2022-7-6 6:30:0;5
2022-7-6 6:40:0;3
2022-7-6 7:0:0;2
2022-7-6 7:10:0;2
2022-7-6 7:20:0;2
2022-7-6 7:30:0;7
2022-7-6 7:40:0;3
2022-7-6 7:50:0;3
2022-7-6 8:0:0;9
2022-7-6 8:10:0;6
2022-7-6 8:20:0;1
2022-7-6 8:30:0;5
2022-7-6 8:40:0;7
2022-7-6 8:46:0;1
2022-7-6 8:50:0;5
2022-7-6 8:56:0;1
2022-7-6 9:0:0;2
2022-7-6 9:10:0;1
2022-7-6 9:20:0;4
2022-7-6 9:30:0;7
2022-7-6 9:40:0;3
2022-7-6 9:50:0;3
2022-7-6 9:55:0;1
2022-7-7 0:10:0;2
2022-7-7 0:30:0;1
2022-7-7 0:50:0;1
2022-7-7 1:0:0;1
2022-7-7 10:0:0;3
2022-7-7 10:10:0;1
2022-7-7 10:30:0;5
2022-7-7 10:40:0;1
2022-7-7 10:50:0;1
2022-7-7 11:0:0;3
2022-7-7 11:10:0;3
2022-7-7 11:20:0;1
2022-7-7 11:30:0;4
2022-7-7 11:40:0;2
2022-7-7 11:50:0;2
2022-7-7 12:0:0;6
2022-7-7 12:10:0;2
2022-7-7 12:20:0;3
2022-7-7 12:30:0;8
2022-7-7 12:40:0;3
2022-7-7 12:50:0;2
2022-7-7 13:10:0;1
2022-7-7 13:20:0;2
2022-7-7 13:30:0;4
2022-7-7 13:40:0;1
2022-7-7 13:50:0;2
2022-7-7 14:0:0;7
2022-7-7 14:10:0;1
2022-7-7 14:20:0;2
2022-7-7 14:30:0;4
2022-7-7 14:40:0;2
2022-7-7 15:0:0;5
2022-7-7 15:10:0;8
2022-7-7 15:15:0;1
2022-7-7 15:20:0;1
2022-7-7 15:30:0;2
2022-7-7 15:40:0;2
2022-7-7 15:50:0;5
2022-7-7 16:0:0;5
2022-7-7 16:10:0;1
2022-7-7 16:20:0;1
2022-7-7 16:30:0;5
2022-7-7 16:40:0;3
2022-7-7 16:50:0;3
2022-7-7 17:0:0;6
2022-7-7 17:10:0;5
2022-7-7 17:20:0;1
2022-7-7 17:30:0;7
2022-7-7 17:40:0;2
2022-7-7 17:50:0;4
2022-7-7 18:0:0;13
2022-7-7 18:10:0;2
2022-7-7 18:20:0;4
2022-7-7 18:30:0;4
2022-7-7 18:40:0;4
2022-7-7 18:50:0;1
2022-7-7 19:0:0;3
2022-7-7 19:10:0;4
2022-7-7 19:15:0;1
2022-7-7 19:20:0;2
2022-7-7 19:30:0;2
2022-7-7 19:50:0;2
2022-7-7 2:0:0;6
2022-7-7 2:50:0;3
2022-7-7 20:0:0;7
2022-7-7 20:10:0;2
2022-7-7 20:30:0;5
2022-7-7 20:50:0;1
2022-7-7 21:0:0;5
2022-7-7 21:10:0;2
2022-7-7 21:20:0;2
2022-7-7 21:30:0;1
2022-7-7 21:50:0;1
2022-7-7 22:0:0;4
2022-7-7 22:50:0;2
2022-7-7 4:0:0;1
2022-7-7 4:30:0;6
2022-7-7 4:40:0;1
2022-7-7 4:50:0;2
2022-7-7 5:0:0;3
2022-7-7 5:30:0;2
2022-7-7 6:0:0;6
2022-7-7 6:20:0;1
2022-7-7 6:30:0;1
2022-7-7 6:40:0;3
2022-7-7 7:0:0;1
2022-7-7 7:10:0;2
2022-7-7 7:30:0;4
2022-7-7 7:40:0;4
2022-7-7 7:50:0;7
2022-7-7 8:0:0;9
2022-7-7 8:10:0;5
2022-7-7 8:20:0;1
2022-7-7 8:30:0;6
2022-7-7 8:40:0;2
2022-7-7 8:50:0;1
2022-7-7 9:0:0;3
2022-7-7 9:30:0;5
2022-7-7 9:40:0;1
2022-7-8 0:0:0;2
2022-7-8 0:30:0;1
2022-7-8 1:0:0;1
2022-7-8 1:50:0;1
2022-7-8 10:0:0;8
2022-7-8 10:1:0;1
2022-7-8 10:10:0;2
2022-7-8 10:20:0;2
2022-7-8 10:30:0;1
2022-7-8 10:40:0;3
2022-7-8 10:50:0;1
2022-7-8 11:0:0;3
2022-7-8 11:30:0;4
2022-7-8 11:40:0;3
2022-7-8 11:50:0;2
2022-7-8 12:0:0;6
2022-7-8 12:10:0;1
2022-7-8 12:30:0;7
2022-7-8 12:40:0;1
2022-7-8 13:0:0;5
2022-7-8 13:10:0;2
2022-7-8 13:30:0;3
2022-7-8 13:40:0;1
2022-7-8 14:0:0;8
2022-7-8 14:10:0;2
2022-7-8 14:30:0;1
2022-7-8 14:40:0;1
2022-7-8 14:50:0;4
2022-7-8 15:0:0;8
2022-7-8 15:10:0;10
2022-7-8 15:20:0;2
2022-7-8 15:30:0;3
2022-7-8 15:40:0;2
2022-7-8 15:50:0;2
2022-7-8 16:0:0;5
2022-7-8 16:10:0;2
2022-7-8 16:30:0;3
2022-7-8 16:40:0;2
2022-7-8 16:50:0;2
2022-7-8 17:0:0;7
2022-7-8 17:10:0;3
2022-7-8 17:20:0;2
2022-7-8 17:30:0;5
2022-7-8 17:40:0;1
2022-7-8 17:50:0;1
2022-7-8 18:0:0;10
2022-7-8 18:10:0;1
2022-7-8 18:20:0;1
2022-7-8 18:30:0;4
2022-7-8 18:40:0;1
2022-7-8 19:0:0;2
2022-7-8 19:20:0;3
2022-7-8 19:30:0;1
2022-7-8 2:0:0;7
2022-7-8 2:40:0;1
2022-7-8 2:50:0;1
2022-7-8 20:0:0;3
2022-7-8 20:10:0;1
2022-7-8 20:20:0;2
2022-7-8 20:30:0;1
2022-7-8 20:40:0;3
2022-7-8 21:0:0;2
2022-7-8 21:20:0;2
2022-7-8 21:30:0;1
2022-7-8 21:37:0;1
2022-7-8 22:0:0;2
2022-7-8 22:10:0;1
2022-7-8 22:20:0;2
2022-7-8 22:30:0;1
2022-7-8 22:50:0;1
2022-7-8 23:0:0;1
2022-7-8 4:30:0;4
2022-7-8 4:40:0;1
2022-7-8 4:50:0;1
2022-7-8 5:0:0;4
2022-7-8 5:10:0;1
2022-7-8 6:0:0;9
2022-7-8 6:20:0;2
2022-7-8 6:30:0;2
2022-7-8 6:40:0;5
2022-7-8 6:50:0;2
2022-7-8 7:0:0;5
2022-7-8 7:10:0;4
2022-7-8 7:20:0;2
2022-7-8 7:30:0;6
2022-7-8 7:40:0;2
2022-7-8 7:50:0;5
2022-7-8 8:0:0;6
2022-7-8 8:10:0;3
2022-7-8 8:20:0;3
2022-7-8 8:30:0;4
2022-7-8 8:40:0;3
2022-7-8 8:50:0;1
2022-7-8 9:0:0;4
2022-7-8 9:10:0;1
2022-7-8 9:20:0;2
2022-7-8 9:30:0;1
2022-7-8 9:40:0;3
2022-7-8 9:50:0;2
2022-7-9 0:10:0;1
2022-7-9 0:30:0;1
2022-7-9 0:50:0;1
2022-7-9 1:0:0;1
2022-7-9 11:20:0;1
2022-7-9 12:0:0;1
2022-7-9 12:30:0;2
2022-7-9 12:50:0;1
2022-7-9 13:20:0;1
2022-7-9 13:57:0;1
2022-7-9 14:0:0;6
2022-7-9 14:30:0;1
2022-7-9 14:40:0;1
2022-7-9 15:0:0;1
2022-7-9 15:10:0;7
2022-7-9 16:0:0;1
2022-7-9 17:30:0;1
2022-7-9 18:0:0;5
2022-7-9 18:10:0;1
2022-7-9 18:50:0;1
2022-7-9 2:0:0;3
2022-7-9 2:30:0;1
2022-7-9 2:50:0;1
2022-7-9 20:20:0;1
2022-7-9 20:30:0;1
2022-7-9 21:20:0;2
2022-7-9 21:30:0;1
2022-7-9 21:40:0;1
2022-7-9 22:0:0;2
2022-7-9 22:10:0;2
2022-7-9 4:30:0;4
2022-7-9 4:40:0;1
2022-7-9 5:0:0;4
2022-7-9 5:10:0;2
2022-7-9 5:30:0;2
2022-7-9 6:0:0;4
2022-7-9 6:20:0;1
2022-7-9 7:20:0;1
2022-7-9 7:30:0;1
2022-7-9 9:0:0;1
2022-7-9 9:30:0;2
2022-7-9 9:40:0;1
